gene_id,first_generation,last_generation,appearances,reward,distance,control_cost,runtime_min,submission_flag,status,job_id,source_log,is_valid,failure_kind
xXxrmKQvo8ZECIkfTW0ZxO0TKNi,12,13,2,1461.4392809301667,92.70037002660357,0.3925681196019054,22,True,completed,4464471,slurm-4457323.out,True,valid
xXxZOLclqbph67QfZCm2hZmgCo6,3,13,11,1453.4010570072965,89.93584676295949,0.3453158782518934,45,True,completed,4449868,slurm-4442153.out,True,valid
xXx5Jvr5ZQF9BhElgySxvyvhgJz,10,13,4,1364.8919491765398,82.55863188418246,0.2862806885071098,22,True,completed,4463280,slurm-4457323.out,True,valid
xXxUeTou9XfhojS2vzkNMdPJCJB,13,13,1,1269.981869176359,85.35383194004548,0.43709476962455085,21,True,completed,4464887,slurm-4457323.out,True,valid
xXxirfKM0sV3dv8CGDIISaae2ym,11,13,3,1051.4117783934003,69.56510007344716,0.3398902230755426,27,True,completed,4463929,slurm-4457323.out,True,valid
xXx44b89OACsVTHJlFpHbNX0MeD,13,13,1,994.7668179144488,62.81260198881786,0.26148522186190826,21,True,completed,4464867,slurm-4457323.out,True,valid
xXxTal3ldMcn3IJoezP7PedCE8T,10,13,4,943.085412530518,67.00074485780954,0.3969294846256729,22,True,completed,4463297,slurm-4457323.out,True,valid
xXxfwTyTkylhN9LMVranJW9jlTm,6,13,8,919.5449098757086,62.79641694634846,0.3363834290512605,44,True,completed,4452710,slurm-4442153.out,True,valid
xXxmh9HNIy4uYmss8i2HL6hIO5R,6,13,8,915.8335396264338,58.56932711720181,0.25555300271760206,44,True,completed,4452689,slurm-4442153.out,True,valid
xXxmhdCImGXbbuol8Np4PYhmySj,1,13,13,890.1848036837931,62.65673348043663,0.3629498659249395,37,True,completed,4448196,slurm-4442153.out,True,valid
xXxc55dwASBVXnywni3E4zDh0sF,8,13,6,876.8274723626821,55.252031173408774,0.2282131511054933,180,True,completed,4457999,slurm-4457323.out,True,valid
xXxnOAYNY7Xwrfzr7soAZdSD0pQ,8,13,6,875.6924820275237,57.30783855460213,0.27046428906451914,180,True,completed,4457998,slurm-4457323.out,True,valid
xXxwx05b80MJ1Xj6UC7Mk75AL9u,0,13,14,875.4550553138743,58.97035768066489,0.3039520982994232,129,True,completed,4446811,slurm-4442153.out,True,valid
xXxixL454UUXhpDfcOLH9xOLcdH,13,13,1,863.5648753662784,64.61084190529577,0.4286519627396367,21,True,completed,4464876,slurm-4457323.out,True,valid
xXxYxS91ZdUVbrJkeS3Pd1t7sKN,1,13,13,855.9600806305774,54.74256183202207,0.23889115600986405,37,True,completed,4448198,slurm-4442153.out,True,valid
xXxZIfQIHlTMglYPs9L4tHV5lt0,5,13,9,846.5042527489506,57.514345364962466,0.30378265455029907,29,True,completed,4451709,slurm-4442153.out,True,valid
xXxTLhRThCcTAVzBOwaR81wDmV8,1,13,13,831.6628737034798,62.042995993466185,0.40919704616584357,37,True,completed,4448205,slurm-4442153.out,True,valid
xXxPyiXMrWJFGCx0QTufjhn4I9A,11,13,3,823.8011259212053,54.77099923965003,0.27161885887179527,27,True,completed,4463917,slurm-4457323.out,True,valid
xXxbzpDVVRL47EKjyCakb9iQTE4,0,13,14,816.2910888036918,54.808982294477595,0.27988855708586047,129,True,completed,4446826,slurm-4442153.out,True,valid
xXxYmkVCBvPqjvD1MpDtliUAlsN,10,13,4,814.1498842093037,56.19292053367876,0.3097085264642723,22,True,completed,4463298,slurm-4457323.out,True,valid
xXxAl9pHUTa6ku9ZoiZ8dvLiWjz,3,13,11,808.0707417930656,53.134606972668294,0.2546213976603002,45,True,completed,4449862,slurm-4442153.out,True,valid
xXxOFn163liaCS6Olr2igz6mCwM,0,12,13,806.6892794381989,57.549351779931115,0.34429775616042313,129,True,completed,4446827,slurm-4442153.out,True,valid
xXxgqSTClTjdQyBFrgnns3V01BN,11,13,3,797.0752259772208,52.33149636551241,0.24955470133302735,27,True,completed,4463928,slurm-4457323.out,True,valid
xXxOBvAzuP54FazctaI5EVRsgSu,11,11,1,794.6100078654056,54.636052389454804,0.29811103992369026,27,True,completed,4463939,slurm-4457323.out,True,valid
xXxH01J6RjRxSB8U9Aib8Si23FE,0,11,12,793.4123452665973,56.74360568514438,0.34145976843629033,129,True,completed,4446823,slurm-4442153.out,True,valid
xXxjiURjBpPAgPxoNolp7zDc59l,6,12,7,785.0485441032664,53.110998700083485,0.27717142989840354,44,True,completed,4452701,slurm-4442153.out,True,valid
xXxkGik6OKEx692HYYl6pGDzO9Q,2,10,9,781.2594662054147,55.1320873773293,0.3213822813411709,46,True,completed,4448794,slurm-4442153.out,True,valid
xXxhQPjNeJ27aM21w37O1lFzzQA,6,10,5,771.7027495394057,52.88905920288325,0.28607843451825904,44,True,completed,4452698,slurm-4442153.out,True,valid
xXxz9V3eSGpWbJ5FUexhJtFc9Va,12,13,2,756.965832699113,49.04684914313603,0.2239711501636077,22,True,completed,4464476,slurm-4457323.out,True,valid
xXxjOH38bl0QwZU7tCi3JJAEICx,0,13,14,755.0856824254148,49.81807452407897,0.24127580805616455,129,True,completed,4446821,slurm-4442153.out,True,valid
xXx3uIfqLhkXz8J2olC93SrxuRT,0,9,10,744.9599605427755,51.297622341423654,0.28099248628569773,129,True,completed,4446831,slurm-4442153.out,True,valid
xXxqu7httWQYkWWCbK0u5xY4biH,6,11,6,744.3399169294112,51.40487672473279,0.2837576175652444,44,True,completed,4452700,slurm-4442153.out,True,valid
xXx4mtM9H5ANSZ7rBaw1ooDeYpM,3,8,6,743.8022749149366,52.437275355230724,0.3049432321896776,45,True,completed,4449856,slurm-4442153.out,True,valid
xXxJjMTX9gsOsy8Bk2JRunQdUtC,11,11,1,741.3981257136204,54.73192586321729,0.3532403915507253,27,True,completed,4463934,slurm-4457323.out,True,valid
xXxY5L9B01hGpyIlUhXXXFrHITF,11,11,1,741.1627129967937,54.029827622718436,0.3394338394575752,27,True,completed,4463912,slurm-4457323.out,True,valid
xXx103IkfgahlyLZ6ch91zhYWld,0,9,10,734.9221364155458,51.699138345142934,0.299060630487313,129,True,completed,4446812,slurm-4442153.out,True,valid
xXxNzQ50pWCRevs0ph2EaIaaQX3,9,9,1,732.2335299084524,52.70742093609927,0.32191488881353286,65,True,completed,4461897,slurm-4457323.out,True,valid
xXxiR8yzvrqiD0BP775ubSCKuYz,7,11,5,724.33061968748,49.49007455388481,0.2654708713902161,180,True,completed,4454184,slurm-4457323.out,True,valid
xXxTreWDxilbkqFEbHpkKoKdL3b,12,12,1,721.5403505731481,50.771370530166266,0.2938870600301773,26,True,completed,4464344,slurm-4457323.out,True,valid
xXxKnip6SV70aYnB23OVFRBINtT,0,12,13,714.3095293450226,48.0244674496309,0.24617981964759528,129,True,completed,4446816,slurm-4442153.out,True,valid
xXx2kvUnIzwVl15FvkSnKwj0AS2,3,12,10,708.1869519566842,48.499669973411166,0.2618064475115388,45,True,completed,4449860,slurm-4442153.out,True,valid
xXxpERhLrcewW3rBueXfu5Cyegn,6,8,3,702.5152732812625,49.665481187699775,0.2907943504727329,44,True,completed,4452694,slurm-4442153.out,True,valid
xXxLKWbQx7lS8clAAUv3SyOLXbt,3,9,7,691.2375137973729,48.00549511594773,0.2688723885215819,45,True,completed,4449857,slurm-4442153.out,True,valid
xXxKHW34LsUcLcBx0eWLpXOGx0l,5,8,4,683.9191328070308,50.687731790725124,0.32983550300747155,29,True,completed,4451718,slurm-4442153.out,True,valid
xXxbTCb1WjybPU8jqMqEQOlCfrj,1,8,8,674.1092019044015,47.62366514544077,0.2783641010044143,37,True,completed,4448202,slurm-4442153.out,True,valid
xXxYKVwGxqELLCHjbCillSpYw8u,1,13,13,670.2034098898396,44.89287273443004,0.22765404479876156,37,True,completed,4448194,slurm-4442153.out,True,valid
xXxRp4ccrrcXSy07PfkD9rHXip5,11,11,1,662.9221885561685,45.49916159776842,0.24706104339919985,27,True,completed,4463938,slurm-4457323.out,True,valid
xXx1aZgnwUEMokXTZ7bAssDM7Vf,9,9,1,659.3303149577575,47.553372855253386,0.29173714214731006,65,True,completed,4461903,slurm-4457323.out,True,valid
xXxaHxWTdjkZNKcUpUsMOilzvUQ,5,8,4,658.5719827196696,48.47611683708799,0.3109503540220903,29,True,completed,4451716,slurm-4442153.out,True,valid
xXxO2s2T9DOAv4P30rU7qx42yC8,5,11,7,657.3192520158422,45.27569293767707,0.24819460673769936,29,True,completed,4451706,slurm-4442153.out,True,valid
xXxezrblIGYUuWQOZPGedMu4iBO,4,7,4,645.4413361242688,48.110212667047485,0.31676291721668093,21,True,completed,4450856,slurm-4442153.out,True,valid
xXxekRTff1rWaNClPuO0G06sa5d,10,10,1,645.3836207620092,47.71802822485213,0.30897694373503326,22,True,completed,4463291,slurm-4457323.out,True,valid
xXx6mioxfeeksxKYvciqlrX9iot,0,6,7,641.8221833020395,47.949407011503105,0.3171659569280222,129,True,completed,4446810,slurm-4442153.out,True,valid
xXxzJqkEcvf2kGea60hiR8CNSzN,7,9,3,635.7592371655829,45.04704259822011,0.26518161479881963,180,True,completed,4454179,slurm-4457323.out,True,valid
xXxXYRwXWIf0KXha2jeUHlAAVij,7,13,7,635.284059567228,43.239262600661725,0.22950119244600647,180,True,completed,4454183,slurm-4457323.out,True,valid
xXxD8NA3fyH7DMh25q5BvgfRDnq,5,11,7,625.8983129878243,43.93763959725478,0.2528544789572712,29,True,completed,4451704,slurm-4442153.out,True,valid
xXxIfif8477jTYtA1KWCbVQk0dU,11,11,1,611.8246839344206,43.743219283938785,0.26303970174435526,27,True,completed,4463933,slurm-4457323.out,True,valid
xXxvSPRqKmL5FMgiyw1abF1s6co,11,11,1,604.0537409270278,43.389752243971934,0.2637413039524108,27,True,completed,4463920,slurm-4457323.out,True,valid
xXx5YGIHTQfk4QnjjLviQP6nFxJ,12,13,2,602.1143912802428,39.421610040846176,0.1863178095366806,22,True,completed,4464474,slurm-4457323.out,True,valid
xXxZtCGdKRfQjwTYLUqOfGZVfcH,0,6,7,590.5885772976196,45.51313173069205,0.3196740573162213,129,True,completed,4446837,slurm-4442153.out,True,valid
xXxEjc6rfklU6OsLdAMBKByzOff,7,7,1,587.1689626297723,43.90841384268272,0.2909993142238818,194,True,completed,4453952,slurm-4457323.out,True,valid
xXxId5nz3FpBVdn4ZsE02D4LmzI,0,13,14,581.6039762629899,39.16706832485686,0.20173739023414675,129,True,completed,4446806,slurm-4442153.out,True,valid
xXx4R8EdRwaNWKxBxse4CmZIOGS,5,5,1,575.8180634778028,44.2971467394104,0.31012487131040545,29,True,completed,4451719,slurm-4442153.out,True,valid
xXxUSUoxFQ8YyQXi8s0JkyhR66L,5,13,9,566.0712670884257,40.02720744819928,0.2344728818755597,29,True,completed,4451701,slurm-4442153.out,True,valid
xXxIZB18WbnhEaLWXvlKvlW3AiS,12,12,1,556.5971094985473,45.37166676462968,0.35083622579404616,22,True,completed,4464475,slurm-4457323.out,True,valid
xXxQwHv7gZTLcx6Eb1q3QNtqBam,0,6,7,508.29657099026133,42.545683880070165,0.3426171066111419,129,True,completed,4446807,slurm-4442153.out,True,valid
xXx5f2WwNlEnKxtznMpJnwgzFvG,11,13,3,498.9924373788559,34.919303983307785,0.19939364228729972,27,True,completed,4463924,slurm-4457323.out,True,valid
xXx33lyzyag5HvG88IYlgyqSHNo,3,7,5,496.46269043163494,39.54862993670213,0.29450990830240775,45,True,completed,4449863,slurm-4442153.out,True,valid
xXxaSluXhlBWfUCI4kS42N4MTrE,6,11,6,492.7960129358632,36.935547004967525,0.24591492716348728,44,True,completed,4452693,slurm-4442153.out,True,valid
xXx2n3jlGz2IixL6A5aDv9i3CNF,0,13,14,489.03977383418913,35.56462903134848,0.22225280679278075,129,True,completed,4446822,slurm-4442153.out,True,valid
xXxOPz8i0bnhR5pEgNmAMk96hHE,1,13,13,473.46914810883953,33.23351733846526,0.1912011986604659,37,True,completed,4448192,slurm-4442153.out,True,valid
xXxiviKOTKf8AOgLQStbWxJw2Bm,9,13,5,462.5217135068953,33.902414885447314,0.21552658420205115,65,True,completed,4461899,slurm-4457323.out,True,valid
xXxJZOsr9kPDD6y6el89Ch4lVp0,12,13,2,460.9284575173523,33.562367556662686,0.2103188936159015,22,True,completed,4464487,slurm-4457323.out,True,valid
xXx4NCUQUaNrdgU7iXUbEyZuCdh,9,9,1,457.50097495423927,42.00579319368551,0.3826148889194709,65,True,completed,4461905,slurm-4457323.out,True,valid
xXxGGgEJrM4yG13KGJaBl7CXYkL,6,11,6,430.50482560448984,34.282112840936364,0.2551374312142376,44,True,completed,4452702,slurm-4442153.out,True,valid
xXxMX5AA5u4g8JTxw9JOVJySqbz,10,10,1,417.23151519088316,37.46047155933654,0.3319779159958474,22,True,completed,4463282,slurm-4457323.out,True,valid
xXxivXF6MaXu5dP6fHJLu76BQ7S,5,13,9,371.2552617723107,26.558595944972904,0.15991665712714748,29,True,completed,4451705,slurm-4442153.out,True,valid
xXxyC4v9ItM7hh2Ew9v1slKTTSi,8,13,6,367.7137999451346,28.885006759022815,0.2099863352353219,131,True,completed,4458860,slurm-4457323.out,True,valid
xXxKCMSiyAkf1JLuByL2kAyCkpZ,8,8,1,357.445945617283,33.44742452244769,0.31150254483167084,131,True,completed,4458850,slurm-4457323.out,True,valid
xXxHurzsipJv7i0Ab5wIQ0UlBP8,0,6,7,347.91904479732216,34.57445117876,0.343569978777878,129,True,completed,4446832,slurm-4442153.out,True,valid
xXxjTLvv3Yu0HyDbvbDGG7abG5z,3,5,3,342.17290603716253,32.385348005011835,0.30553405406307427,45,True,completed,4449849,slurm-4442153.out,True,valid
xXxeAlUMVM9e9r6AnGWboVQmA2l,0,12,13,314.87980462555754,26.928223168463614,0.22368465874371468,129,True,completed,4446817,slurm-4442153.out,True,valid
xXxpc5dMykACWQnnqXpROue1qCh,10,10,1,286.92838602420034,32.455221411511346,0.3621760422060266,22,True,completed,4463299,slurm-4457323.out,True,valid
xXxovHyvZkSAYe2wUpVXNS2cKnI,8,8,1,283.52106745403694,30.707714433806235,0.33063322122208777,131,True,completed,4458854,slurm-4457323.out,True,valid
xXxpSBStndE8XlK0QjTNHod8U8S,5,13,9,270.0101317025579,22.059812035017398,0.17118610899779013,29,True,completed,4451707,slurm-4442153.out,True,valid
xXxMM12gKbhQ3PGv17itzO7UfHS,13,13,1,258.5685132673409,17.456775263105182,0.09056699199476279,21,True,completed,4464886,slurm-4457323.out,True,valid
xXxPwN3VQTxef7uxtsEl6MU9jTH,7,7,1,217.82167650916213,24.009394855596387,0.26236622060276565,180,True,completed,4454169,slurm-4457323.out,True,valid
xXx1fuc4ilabD4NUrmfMWdriJR0,11,13,3,208.43434330141994,17.06823088467847,0.1329302743921493,27,True,completed,4463935,slurm-4457323.out,True,valid
xXx1un5MOYt3WdnD3kJDQcRm6kM,6,13,8,151.17575553532393,13.679241659141931,0.12240907764751466,44,True,completed,4452697,slurm-4442153.out,True,valid
xXxRgqL82sh12fWLIU14siaFnXE,7,13,7,123.05792612667649,14.128308215479592,0.15950823818291537,180,True,completed,4454175,slurm-4457323.out,True,valid
xXxe1e3Dd8yzVMLyryT6aFCtaj7,9,13,5,50.67652643312384,5.957502034147577,0.06847351424982771,65,True,completed,4461898,slurm-4457323.out,True,valid
xXxheYhh2i3ZV38q9l2rUC1Tq6T,6,13,8,9.471896304658904,6.504741146238675,0.1206229266201146,44,True,completed,4452709,slurm-4442153.out,True,valid
xXxvulylJHIHAZ4D4wJILbkLce3,11,13,3,8.70414844353876,1.6090409504398504,0.023476670565258245,27,True,completed,4463921,slurm-4457323.out,True,valid
xXxFerfko1mrvrHw0uzO2LvH188,11,13,3,5.524648977529592,0.6419738190995921,0.007314827404462267,27,True,completed,4463913,slurm-4457323.out,True,valid
xXxMljViqpin6ik7fmByi1CIsZG,9,13,5,4.064486988847907,1.8059736018031678,0.03205498504721545,65,True,completed,4461906,slurm-4457323.out,True,valid
xXx4kN43iaVT1qDbuRm4nrGG34l,13,13,1,-0.14816421560004245,-0.007366694674441654,8.30322111208659e-07,21,True,completed,4464877,slurm-4457323.out,True,valid
xXx15R1cZZFNLMTuQn1SV295HOQ,11,13,3,-1.0216033140334986,0.5376625075187289,0.01177485346440808,27,True,completed,4463915,slurm-4457323.out,True,valid
xXxJ2Ec7bXPHOX7cB55crhB0QZT,9,13,5,-2.004311448760263,-0.017560304649217415,0.0016531053557759152,65,True,completed,4461892,slurm-4457323.out,True,valid
xXxiRfdWPpobtwQDMxfL7mGxTrV,13,13,1,-5.385367612801519,0.05177271053346211,0.00642082182347076,21,True,completed,4464893,slurm-4457323.out,True,valid
xXxYtzvmn7xLNo85TWM6S5CVAdl,12,13,2,-11.391391676959591,0.012806274178810098,0.011647517160535789,22,True,completed,4464483,slurm-4457323.out,True,valid
xXxX6BQsGfAgHrQZ8yYzHnEFFxP,4,13,10,-96.07826319297672,0.8500716745816685,0.11307969668461011,21,True,completed,4450840,slurm-4442153.out,True,valid
xXx29gTBMp0xdw2GFyVOEWTKJFB,11,11,1,-283.51970893632046,3.589760250075071,0.355314913937822,27,True,completed,4463927,slurm-4457323.out,True,valid
xXxUSRJzrzAFv81Vkt8FVB0lWlp,9,11,3,-395.9037857737152,-9.284517404289184,0.21021343768793158,65,True,completed,4461895,slurm-4457323.out,True,valid
xXxIHbIYsXoC484AQCQHtUpdcoE,1,6,6,-425.10537668076677,4.929538574897994,0.5236961481787265,37,True,completed,4448203,slurm-4442153.out,True,valid
xXxKNU9V3UcIdWMqN706iwcwc3e,4,5,2,-596.4586486046336,0.17685273942935997,0.599995703393221,21,True,completed,4450852,slurm-4442153.out,True,valid
xXxP2bjiH4q1Orm14PecY6AapjP,1,6,6,-921.7228254112708,-17.82022679673189,0.5653182894766331,37,True,completed,4448193,slurm-4442153.out,True,valid
xXx0A197IL6cksxrWvPhHH3wr89,12,12,1,-inf,-inf,inf,26,True,completed,4464353,slurm-4457323.out,False,runtime_invalid
xXx0FcyJ6ModU3Swaav68fMT4Nw,2,2,1,-inf,-inf,inf,46,True,completed,4448802,slurm-4442153.out,False,runtime_invalid
xXx0Pqjw5P2Z9oXzXUGktbCPyXt,13,13,1,-inf,-inf,inf,21,True,completed,4464868,slurm-4457323.out,False,runtime_invalid
xXx0VX0ZxD5i0fT1kQcyKAtQgMJ,4,4,1,-inf,-inf,inf,21,True,completed,4450844,slurm-4442153.out,False,runtime_invalid
xXx0i7fPp4Qinh9si0UuHqtn1kX,6,6,1,-inf,-inf,inf,47,True,completed,4452460,slurm-4442153.out,False,runtime_invalid
xXx1AXUb93pjzhkQ8SdsADP4KLZ,2,2,1,-inf,-inf,inf,46,True,completed,4448788,slurm-4442153.out,False,runtime_invalid
xXx1DbGajd2RBbuOFEkMINA8uCz,9,9,1,-999999.0,0.0,inf,65,True,completed,4461887,slurm-4457323.out,False,runtime_invalid
xXx1lL47fnIeNzK15JKHvZfOOoY,2,2,1,-inf,-inf,inf,46,True,completed,4448789,slurm-4442153.out,False,runtime_invalid
xXx1ltLGrcDthqA1PWoIy9CQAeo,9,9,1,-inf,-inf,inf,65,True,completed,4461904,slurm-4457323.out,False,runtime_invalid
xXx1s0FLF6FyYuji1zV2NCBzQXg,7,7,1,-inf,-inf,inf,180,True,completed,4454172,slurm-4457323.out,False,runtime_invalid
xXx1yQysw6m6FMPIii7krCQF17Z,4,4,1,-inf,-inf,inf,21,True,completed,4450849,slurm-4442153.out,False,runtime_invalid
xXx213KcdzT9rZteGeaDK6Zq549,4,4,1,-inf,-inf,inf,21,True,completed,4450850,slurm-4442153.out,False,runtime_invalid
xXx2EW19VcpJETKiFYft1UeC8mZ,10,10,1,-inf,-inf,inf,22,True,completed,4463284,slurm-4457323.out,False,runtime_invalid
xXx2Op7SKbl7QE1XVbbA1xzc5wU,9,9,1,-999999.0,0.0,inf,65,True,completed,4461894,slurm-4457323.out,False,runtime_invalid
xXx2yKPprZVS9bWuvmHbEYBoQaB,8,8,1,-inf,-inf,inf,131,True,completed,4458855,slurm-4457323.out,False,runtime_invalid
xXx3WhD1DxfQgEdEuiLVUe1wsMH,13,13,1,-inf,-inf,inf,21,True,completed,4464883,slurm-4457323.out,False,runtime_invalid
xXx3uf4zT5zcJXCzLTFVUH0oNhk,12,12,1,-inf,-inf,inf,22,True,completed,4464481,slurm-4457323.out,False,runtime_invalid
xXx4APlKVeUmGYMBBsGBY9wly5l,7,7,1,-inf,-inf,inf,180,True,completed,4454189,slurm-4457323.out,False,runtime_invalid
xXx4QuPJ78RLjJVOEheXiy83has,3,3,1,-inf,-inf,inf,45,True,completed,4449864,slurm-4442153.out,False,runtime_invalid
xXx4UbAfTVvnBgwbm3UZOp3Fbsn,7,7,1,-inf,-inf,inf,180,True,completed,4454170,slurm-4457323.out,False,runtime_invalid
xXx4tEn4S6dlJJGTQTeIJdmePGV,0,4,5,-999999.0,0.0,inf,129,True,completed,4446813,slurm-4442153.out,False,runtime_invalid
xXx59Z15hH6xuqI7kYCm4v1NuNc,5,6,2,-999999.0,0.0,inf,29,True,completed,4451699,slurm-4442153.out,False,runtime_invalid
xXx5BU0y1BKc0zpGNr2sHZeXRIH,5,5,1,-inf,-inf,inf,33,True,completed,4451524,slurm-4442153.out,False,runtime_invalid
xXx5Y2Oq7XEjHUnggJjcodWaoW2,10,10,1,-inf,-inf,inf,22,True,completed,4463302,slurm-4457323.out,False,runtime_invalid
xXx5ZdaQnixgV8tmHBI2RmbRuHz,0,0,1,-inf,-inf,inf,129,True,completed,4446814,slurm-4442153.out,False,runtime_invalid
xXx5pbJRb9CO3YpDaLOZRBYXl2M,0,4,5,-999999.0,0.0,inf,129,True,completed,4446834,slurm-4442153.out,False,runtime_invalid
xXx5wUo81D56KbvCWknPJniE1Ng,13,13,1,-inf,-inf,inf,21,True,completed,4464873,slurm-4457323.out,False,runtime_invalid
xXx658NZWVFtMaFJ0yf2Z92cmRC,10,10,1,-inf,-inf,inf,22,True,completed,4463288,slurm-4457323.out,False,runtime_invalid
xXx6GLUXG9jPWwJLXuvV98XUIU9,8,8,1,-inf,-inf,inf,131,True,completed,4458843,slurm-4457323.out,False,runtime_invalid
xXx6hZqs4XfUdZv5daoVui3QzpF,6,6,1,-inf,-inf,inf,44,True,completed,4452686,slurm-4442153.out,False,runtime_invalid
xXx6hnW31yPC1SstQzx8WCO7mIp,12,12,1,-inf,-inf,inf,22,True,completed,4464486,slurm-4457323.out,False,runtime_invalid
xXx71YglplHFUbQHqIgNWqmZtmB,12,12,1,-inf,-inf,inf,22,True,completed,4464493,slurm-4457323.out,False,runtime_invalid
xXx797M4RgISMSxNqy7LM9JwUxs,0,4,5,-999999.0,0.0,inf,129,True,completed,4446809,slurm-4442153.out,False,runtime_invalid
xXx7TjUwVbqxwTD3bbNDW1cXOzX,7,7,1,-inf,-inf,inf,180,True,completed,4454185,slurm-4457323.out,False,runtime_invalid
xXx7gykwjb75yLhIIvpShFGtxrq,4,5,2,-999999.0,0.0,inf,21,True,completed,4450855,slurm-4442153.out,False,runtime_invalid
xXx7jZdGB0CLVqeQSZVbi8zNW62,10,10,1,-inf,-inf,inf,22,True,completed,4463294,slurm-4457323.out,False,runtime_invalid
xXx7mo2Y2r6RTZuaF1y7qR4Osrp,12,12,1,-inf,-inf,inf,26,True,completed,4464348,slurm-4457323.out,False,runtime_invalid
xXx7sDOtfP7qPbpoApnnKKwJAdD,4,5,2,-999999.0,0.0,inf,21,True,completed,4450843,slurm-4442153.out,False,runtime_invalid
xXx7sUYg4HtjIvbyNEoZGP05TKG,12,12,1,-inf,-inf,inf,22,True,completed,4464477,slurm-4457323.out,False,runtime_invalid
xXx7zDYrZjU4nC1232kS3tzT2sN,2,2,1,-inf,-inf,inf,46,True,completed,4448784,slurm-4442153.out,False,runtime_invalid
xXx8DTToV1cj3vanNDZhpy4QnJ4,2,2,1,-inf,-inf,inf,60,True,completed,4448629,slurm-4442153.out,False,runtime_invalid
xXx8XmmXv8A7A5tffJv1kVAOkpt,2,2,1,-inf,-inf,inf,46,True,completed,4448801,slurm-4442153.out,False,runtime_invalid
xXx8aTVvo8BVz69KMyqzbfL3fer,3,3,1,-inf,-inf,inf,45,True,completed,4449851,slurm-4442153.out,False,runtime_invalid
xXx8cpnjDYmgjNhmMcKHnqaZwpN,13,13,1,-999999.0,0.0,inf,21,True,completed,4464872,slurm-4457323.out,False,runtime_invalid
xXx8yx6YxsEswJWRILGRmOAH5e2,6,6,1,-inf,-inf,inf,44,True,completed,4452685,slurm-4442153.out,False,runtime_invalid
xXx91rqLALErLEv2Kkw2XEtKIJx,2,2,1,-inf,-inf,inf,60,True,completed,4448635,slurm-4442153.out,False,runtime_invalid
xXx93aFL5DpqiMn2sI55xwbwo6G,13,13,1,-inf,-inf,inf,21,True,completed,4464890,slurm-4457323.out,False,runtime_invalid
xXx97U3AjycUQgcwese6S1Y0mZ7,7,7,1,-inf,-inf,inf,180,True,completed,4454178,slurm-4457323.out,False,runtime_invalid
xXx9BWKBFoClBBG7YWFmo2dLHCo,9,9,1,-inf,-inf,inf,65,True,completed,4461891,slurm-4457323.out,False,runtime_invalid
xXxAS0kYNG6tQtKGm3i46ufPnVk,9,9,1,-inf,-inf,inf,65,True,completed,4461907,slurm-4457323.out,False,runtime_invalid
xXxAXLK1SjURPfxpiDLBcGKj2DH,4,4,1,-inf,-inf,inf,21,True,completed,4450853,slurm-4442153.out,False,runtime_invalid
xXxAbQuCaDg2ZK6jbT5X7U18jab,9,9,1,-inf,-inf,inf,65,True,completed,4461889,slurm-4457323.out,False,runtime_invalid
xXxAlLyyDs3fJOR42Fmcg7k9aeB,12,12,1,-inf,-inf,inf,22,True,completed,4464489,slurm-4457323.out,False,runtime_invalid
xXxAzXGc4vsRMAngOFBSsbTryGB,1,1,1,-inf,-inf,inf,47,True,completed,4448186,slurm-4442153.out,False,runtime_invalid
xXxBEklWq0fDM36Nz1EzxUJQFGT,3,3,1,-inf,-inf,inf,45,True,completed,4449858,slurm-4442153.out,False,runtime_invalid
xXxBGFLUVxJrpujAB1SOVYgCBMT,3,3,1,-inf,-inf,inf,45,True,completed,4449855,slurm-4442153.out,False,runtime_invalid
xXxBaABlf9GOJnu65f4qxphFp8T,11,11,1,-inf,-inf,inf,27,True,completed,4463930,slurm-4457323.out,False,runtime_invalid
xXxBgxQyx5rCHS3CUsgVPHXbTmX,9,9,1,-999999.0,0.0,inf,65,True,completed,4461888,slurm-4457323.out,False,runtime_invalid
xXxBtqKWgZZqh1kMWOdYpqvRRlD,6,6,1,-inf,-inf,inf,44,True,completed,4452705,slurm-4442153.out,False,runtime_invalid
xXxC1dFWYoql7ieHJLyqUSVh4g9,5,5,1,-inf,-inf,inf,29,True,completed,4451714,slurm-4442153.out,False,runtime_invalid
xXxCgL3Tzjrfizsd6vBToL54iUH,7,7,1,-inf,-inf,inf,180,True,completed,4454186,slurm-4457323.out,False,runtime_invalid
xXxDcah6Mub0jEWRFZxvC72voku,10,10,1,-inf,-inf,inf,22,True,completed,4463281,slurm-4457323.out,False,runtime_invalid
xXxEHyt6j5ebIBmOYylQTmwODf1,5,5,1,-999999.0,0.0,inf,29,True,completed,4451712,slurm-4442153.out,False,runtime_invalid
xXxEZDWepLtcGzUDUvWs7eAUzdY,3,3,1,-inf,-inf,inf,45,True,completed,4449848,slurm-4442153.out,False,runtime_invalid
xXxEtvJliGpcwjUBu96cdzbHVeA,10,10,1,-inf,-inf,inf,26,True,completed,4463236,slurm-4457323.out,False,runtime_invalid
xXxF8l02LKZUUt5OCJAOOjJJJx4,11,11,1,-999999.0,0.0,inf,27,True,completed,4463932,slurm-4457323.out,False,runtime_invalid
xXxFMDStanYIQMcZZ32uDlfMyxj,7,7,1,-inf,-inf,inf,180,True,completed,4454190,slurm-4457323.out,False,runtime_invalid
xXxFhAzb57HvGetFj6siHZV4usy,10,10,1,-inf,-inf,inf,22,True,completed,4463303,slurm-4457323.out,False,runtime_invalid
xXxFnBvBJocNGWDxNd9VCIgPMDx,1,5,5,-999999.0,0.0,inf,37,True,completed,4448201,slurm-4442153.out,False,runtime_invalid
xXxGJkHP7yvKnBsCO1NphGjrSfI,4,5,2,-999999.0,0.0,inf,21,True,completed,4450864,slurm-4442153.out,False,runtime_invalid
xXxGZ9ABl7DbZ1YY4tM2cVdmwDh,4,4,1,-inf,-inf,inf,30,True,completed,4450680,slurm-4442153.out,False,runtime_invalid
xXxGd0xf0neNuffmpaZFK0cr3hK,9,9,1,-inf,-inf,inf,90,True,completed,4461272,slurm-4457323.out,False,runtime_invalid
xXxGh0ctj4yA97b9ZrfvuDl9PeL,4,4,1,-inf,-inf,inf,21,True,completed,4450841,slurm-4442153.out,False,runtime_invalid
xXxGhQhJdC67nMjDNL5EhnyFlL1,12,12,1,-inf,-inf,inf,22,True,completed,4464473,slurm-4457323.out,False,runtime_invalid
xXxGjj5f0Dv8PUQXWQbGvCV5y09,2,2,1,-inf,-inf,inf,46,True,completed,4448787,slurm-4442153.out,False,runtime_invalid
xXxHo38v2ohx7WArqURK3aazFAj,8,8,1,-inf,-inf,inf,180,True,completed,4458005,slurm-4457323.out,False,runtime_invalid
xXxIIKcQpU3VPgZMEuz3mbTGI87,8,8,1,-inf,-inf,inf,131,True,completed,4458849,slurm-4457323.out,False,runtime_invalid
xXxIPgYDRWXw4BpsuEOIWv4AHWD,12,12,1,-999999.0,0.0,inf,22,True,completed,4464492,slurm-4457323.out,False,runtime_invalid
xXxIS8B1RhC6NXLTZtE0pVT2gxR,9,9,1,-inf,-inf,inf,90,True,completed,4461271,slurm-4457323.out,False,runtime_invalid
xXxIvvyiP3t11uhpfNBJek4PjBt,11,11,1,-999999.0,0.0,inf,27,True,completed,4463914,slurm-4457323.out,False,runtime_invalid
xXxIwV4oHCFUsleVXUki45QvhBq,6,6,1,-inf,-inf,inf,44,True,completed,4452708,slurm-4442153.out,False,runtime_invalid
xXxJCNkGHcKdqWDZzbkCBuFoePo,8,8,1,-inf,-inf,inf,131,True,completed,4458847,slurm-4457323.out,False,runtime_invalid
xXxJyP5JoIz3CJbvXIApg1SLM60,10,10,1,-inf,-inf,inf,22,True,completed,4463290,slurm-4457323.out,False,runtime_invalid
xXxKIawQ5CZmOAhc1VCKyDcqsEo,11,11,1,-inf,-inf,inf,27,True,completed,4463916,slurm-4457323.out,False,runtime_invalid
xXxKdgKUyMN0mjLWPZqjlc9EiTk,8,8,1,-999999.0,0.0,inf,131,True,completed,4458844,slurm-4457323.out,False,runtime_invalid
xXxKizXW8P3L2kuIA6C2lw2zlhA,3,3,1,-inf,-inf,inf,45,True,completed,4449866,slurm-4442153.out,False,runtime_invalid
xXxKlNrsxtLhnrjz4a1wgNgfZsp,0,4,5,-999999.0,0.0,inf,129,True,completed,4446818,slurm-4442153.out,False,runtime_invalid
xXxLPtxNnnTazeH8TPFcyTYSbxf,9,9,1,-inf,-inf,inf,65,True,completed,4461896,slurm-4457323.out,False,runtime_invalid
xXxMIExmhINmc3yst1RXPYyQP5h,2,2,1,-inf,-inf,inf,46,True,completed,4448790,slurm-4442153.out,False,runtime_invalid
xXxMhVmPGyevfZ1FvsczQmhEtpc,8,8,1,-inf,-inf,inf,131,True,completed,4458858,slurm-4457323.out,False,runtime_invalid
xXxMnarT0QOPRb4ZjjIa8v0xCwK,3,3,1,-inf,-inf,inf,45,True,completed,4449861,slurm-4442153.out,False,runtime_invalid
xXxMvyMZ0PxVUH0isB5aUbM6gyg,1,1,1,-inf,-inf,inf,37,True,completed,4448191,slurm-4442153.out,False,runtime_invalid
xXxN2HG0JtxunmfpDLQBI8LCYoQ,4,5,2,-999999.0,0.0,inf,21,True,completed,4450860,slurm-4442153.out,False,runtime_invalid
xXxNEaLENF8caZE75Ab1O8hCsQ2,10,10,1,-inf,-inf,inf,22,True,completed,4463300,slurm-4457323.out,False,runtime_invalid
xXxNbkRHdMIneIJHM82ytRjnJ9Y,12,12,1,-inf,-inf,inf,26,True,completed,4464354,slurm-4457323.out,False,runtime_invalid
xXxNx6ai7V4xnExzXIr6GQxCm8a,2,2,1,-inf,-inf,inf,46,True,completed,4448797,slurm-4442153.out,False,runtime_invalid
xXxNxoHnlR9nESEwfdQDZKG1zmz,5,5,1,-999999.0,0.0,inf,29,True,completed,4451723,slurm-4442153.out,False,runtime_invalid
xXxNzApwvXbHXN57HhrYtPBltWn,12,12,1,-inf,-inf,inf,22,True,completed,4464482,slurm-4457323.out,False,runtime_invalid
xXxOGZaRYSNgP3iWgAIT4m1VKAg,0,0,1,-inf,-inf,inf,129,True,completed,4446824,slurm-4442153.out,False,runtime_invalid
xXxP0IuMcGcMNLah55pVAM5H2Ny,0,0,1,-inf,-inf,inf,129,True,completed,4446825,slurm-4442153.out,False,runtime_invalid
xXxP78V3JYZpzZb70Of9jVBhZUR,12,12,1,-inf,-inf,inf,22,True,completed,4464485,slurm-4457323.out,False,runtime_invalid
xXxPCaGkNLu3Hy22O0W2LmtirFk,4,4,1,-inf,-inf,inf,21,True,completed,4450845,slurm-4442153.out,False,runtime_invalid
xXxPECtEpe8PIarVcUEdOA2r06N,5,5,1,-inf,-inf,inf,29,True,completed,4451710,slurm-4442153.out,False,runtime_invalid
xXxPGtPZAlZ2ieXPWAH7zxgQyRa,8,8,1,-inf,-inf,inf,131,True,completed,4458845,slurm-4457323.out,False,runtime_invalid
xXxPOZu2X5TNVyDBskK4eC6zsUL,2,2,1,-inf,-inf,inf,46,True,completed,4448792,slurm-4442153.out,False,runtime_invalid
xXxPUF7gGNBxKEIEbwzIo4p1xSZ,2,4,3,-999999.0,0.0,inf,46,True,completed,4448798,slurm-4442153.out,False,runtime_invalid
xXxPXQGTHuLKp4VnGNNgEJeSpnD,4,5,2,-999999.0,0.0,inf,21,True,completed,4450857,slurm-4442153.out,False,runtime_invalid
xXxPkkKatn5pYm5QdMtJs3hldNV,3,3,1,-inf,-inf,inf,45,True,completed,4449870,slurm-4442153.out,False,runtime_invalid
xXxQFSmFyFK4lxGYWCQHdN17iLg,7,7,1,-inf,-inf,inf,180,True,completed,4454188,slurm-4457323.out,False,runtime_invalid
xXxQq01kSgKFP7ZBjSsRn5kGKSM,5,6,2,-999999.0,0.0,inf,29,True,completed,4451708,slurm-4442153.out,False,runtime_invalid
xXxQxIBx5tP27voZPYz1yiHsr4Y,8,8,1,-inf,-inf,inf,180,True,completed,4458001,slurm-4457323.out,False,runtime_invalid
xXxR4lQL89ZeqnaLaNAfwnlnnWQ,10,10,1,-inf,-inf,inf,22,True,completed,4463287,slurm-4457323.out,False,runtime_invalid
xXxR7867SpoQTCjUEdEL5QeaiDu,0,0,1,-inf,-inf,inf,129,True,completed,4446819,slurm-4442153.out,False,runtime_invalid
xXxRkHwWFrvV4zTSVC0Ss81JGTK,3,5,3,-999999.0,0.0,inf,45,True,completed,4449852,slurm-4442153.out,False,runtime_invalid
xXxS8CHITEck0qB3BHak4adR2u4,4,4,1,-inf,-inf,inf,21,True,completed,4450848,slurm-4442153.out,False,runtime_invalid
xXxSBW2cHzVK21CGrail54TW790,4,4,1,-inf,-inf,inf,21,True,completed,4450842,slurm-4442153.out,False,runtime_invalid
xXxSTQDvEaWUdYPKFNzDp06lbyl,3,3,1,-inf,-inf,inf,45,True,completed,4449854,slurm-4442153.out,False,runtime_invalid
xXxSZXlXC5hwjunbkyoLmFjytz8,0,0,1,-inf,-inf,inf,129,True,completed,4446828,slurm-4442153.out,False,runtime_invalid
xXxT7jBqKwyfUZRCK6Ztca3UQWv,7,7,1,-inf,-inf,inf,194,True,completed,4453958,slurm-4457323.out,False,runtime_invalid
xXxTOptwmeMbAAUEzIxI2S19XSO,2,2,1,-inf,-inf,inf,46,True,completed,4448793,slurm-4442153.out,False,runtime_invalid
xXxTbx4yRu5s59uIFe88JLXVWcJ,4,4,1,-inf,-inf,inf,21,True,completed,4450866,slurm-4442153.out,False,runtime_invalid
xXxTdOgkiSH0D4Qx6AndKz5YPLs,10,10,1,-inf,-inf,inf,22,True,completed,4463283,slurm-4457323.out,False,runtime_invalid
xXxTg7P44V9Vslih6wLcBAss6cd,7,7,1,-inf,-inf,inf,180,True,completed,4454187,slurm-4457323.out,False,runtime_invalid
xXxTsLe0QuQIKf4aGMKS57ojWrr,5,5,1,-inf,-inf,inf,29,True,completed,4451722,slurm-4442153.out,False,runtime_invalid
xXxU1MsIwNThhVfGR2VrhrXzSRV,0,0,1,-inf,-inf,inf,129,True,completed,4446833,slurm-4442153.out,False,runtime_invalid
xXxU8zlbuNn1wO0ZLiDokXrzgRW,9,9,1,-inf,-inf,inf,90,True,completed,4461281,slurm-4457323.out,False,runtime_invalid
xXxUZLLiltsxIzJGEi4d4nIrlSa,4,4,1,-inf,-inf,inf,21,True,completed,4450862,slurm-4442153.out,False,runtime_invalid
xXxUpKLcZGvIEA483tNVSLMQgtW,13,13,1,-inf,-inf,inf,21,True,completed,4464879,slurm-4457323.out,False,runtime_invalid
xXxUzaSp3RaNhvRYK2UZd3bojuB,13,13,1,-inf,-inf,inf,21,True,completed,4464866,slurm-4457323.out,False,runtime_invalid
xXxV52HHYsmosKBIBVq5wSJDyhR,2,2,1,-inf,-inf,inf,46,True,completed,4448785,slurm-4442153.out,False,runtime_invalid
xXxV6oRkkrzo7KT5q70VVYzFH4e,2,2,1,-inf,-inf,inf,46,True,completed,4448796,slurm-4442153.out,False,runtime_invalid
xXxVGRwr30DSzlCofcXsm22xMi6,8,8,1,-inf,-inf,inf,131,True,completed,4458846,slurm-4457323.out,False,runtime_invalid
xXxVJcelG1PSVC7KhSnEwptLbnW,13,13,1,-inf,-inf,inf,21,True,completed,4464871,slurm-4457323.out,False,runtime_invalid
xXxVW81D1Yx1flbwbyolEJgVxHT,3,5,3,-999999.0,0.0,inf,45,True,completed,4449867,slurm-4442153.out,False,runtime_invalid
xXxVj59Ierxn1LSX6Lt8fmNIMwz,8,8,1,-999999.0,0.0,inf,131,True,completed,4458856,slurm-4457323.out,False,runtime_invalid
xXxVy2T2T4r2UbgQFyQOQFfzl3D,9,9,1,-inf,-inf,inf,90,True,completed,4461274,slurm-4457323.out,False,runtime_invalid
xXxW7ziHj5Efq2PHjMVn1xWkn2c,6,6,1,-inf,-inf,inf,44,True,completed,4452687,slurm-4442153.out,False,runtime_invalid
xXxWGXffjys3HzieyAGsHydPitK,3,3,1,-inf,-inf,inf,45,True,completed,4449847,slurm-4442153.out,False,runtime_invalid
xXxX6lmbFIJoW3ncFrFco3bVZG0,12,12,1,-999999.0,0.0,inf,22,True,completed,4464490,slurm-4457323.out,False,runtime_invalid
xXxXCCXlRzX3U0vLvev7KupFFrq,1,1,1,-inf,-inf,inf,37,True,completed,4448199,slurm-4442153.out,False,runtime_invalid
xXxXK2FevGkOCjIxMjShjdnRtUm,5,5,1,-inf,-inf,inf,29,True,completed,4451715,slurm-4442153.out,False,runtime_invalid
xXxXXMlikQobxu5OrnvwT75oYtU,6,6,1,-999999.0,0.0,inf,44,True,completed,4452706,slurm-4442153.out,False,runtime_invalid
xXxXeFNXeoqSJa7ccVvsWVZWHC3,5,6,2,-999999.0,0.0,inf,29,True,completed,4451703,slurm-4442153.out,False,runtime_invalid
xXxXnYB4ayJfyls9XDu9UVk9iCW,5,5,1,-inf,-inf,inf,29,True,completed,4451711,slurm-4442153.out,False,runtime_invalid
xXxYCxQMOYX33A3snaSidDxBamU,8,8,1,-inf,-inf,inf,180,True,completed,4458000,slurm-4457323.out,False,runtime_invalid
xXxYFlJ3BdWho9WZEoT20Qr5i76,7,7,1,-inf,-inf,inf,180,True,completed,4454174,slurm-4457323.out,False,runtime_invalid
xXxYHSl9PpijuBiCNzCV95oAYxY,11,11,1,-inf,-inf,inf,27,True,completed,4463918,slurm-4457323.out,False,runtime_invalid
xXxYJdTRQTft5Zj2co57hdEYVFD,5,5,1,-inf,-inf,inf,29,True,completed,4451697,slurm-4442153.out,False,runtime_invalid
xXxYtUIDHefXq1shDuv5tZSk6oZ,7,7,1,-inf,-inf,inf,180,True,completed,4454173,slurm-4457323.out,False,runtime_invalid
xXxYup8S347YQdoeyLAJbC4YkWf,7,7,1,-999999.0,0.0,inf,180,True,completed,4454182,slurm-4457323.out,False,runtime_invalid
xXxZ1XPfxph3qY6iYTKBIX3bUZ8,11,11,1,-inf,-inf,inf,27,True,completed,4463931,slurm-4457323.out,False,runtime_invalid
xXxZENL80wA0xOPgIpgNGptcYne,8,8,1,-inf,-inf,inf,131,True,completed,4458848,slurm-4457323.out,False,runtime_invalid
xXxZHEJIDs5HaRthY7LTBU4Ch7R,13,13,1,-inf,-inf,inf,21,True,completed,4464870,slurm-4457323.out,False,runtime_invalid
xXxZNt60sthEwC08zpVkvaq0kun,3,5,3,-999999.0,0.0,inf,45,True,completed,4449869,slurm-4442153.out,False,runtime_invalid
xXxZRmDOP1AMuBsiMKXwElyBaDz,7,7,1,-inf,-inf,inf,180,True,completed,4454176,slurm-4457323.out,False,runtime_invalid
xXxZZQfkw144arjOdlvyXezHZIW,13,13,1,-inf,-inf,inf,21,True,completed,4464882,slurm-4457323.out,False,runtime_invalid
xXxaJaTVdZ6OY1HCqdrjgWZHBVE,2,4,3,-999999.0,0.0,inf,46,True,completed,4448799,slurm-4442153.out,False,runtime_invalid
xXxbHBUN82Gsj1zqYyJZGAc0JP7,0,0,1,-inf,-inf,inf,129,True,completed,4446820,slurm-4442153.out,False,runtime_invalid
xXxbNt0DHYYozIGdJoS1aSan8OQ,1,4,4,-999999.0,0.0,inf,37,True,completed,4448200,slurm-4442153.out,False,runtime_invalid
xXxbWKhUUSTqU7DPaQp1ssu8CJh,13,13,1,-inf,-inf,inf,21,True,completed,4464891,slurm-4457323.out,False,runtime_invalid
xXxbvlQF2UjZDelPNPdnii3BsD0,9,9,1,-inf,-inf,inf,65,True,completed,4461900,slurm-4457323.out,False,runtime_invalid
xXxcD0NAXUj5Yjbs288kzHZKI2s,4,4,1,-inf,-inf,inf,30,True,completed,4450687,slurm-4442153.out,False,runtime_invalid
xXxcUeVAMvnt5pNLvrH0UsyYgZW,7,7,1,-inf,-inf,inf,194,True,completed,4453949,slurm-4457323.out,False,runtime_invalid
xXxcht4bA8v0Ui3BKsFkyRgpq1f,4,4,1,-inf,-inf,inf,21,True,completed,4450863,slurm-4442153.out,False,runtime_invalid
xXxcwFrxgwF7KP8yicv6F6JOyof,12,12,1,-inf,-inf,inf,22,True,completed,4464479,slurm-4457323.out,False,runtime_invalid
xXxczPUXnnW9tjyfqIvbjYLWpH3,8,8,1,-inf,-inf,inf,131,True,completed,4458857,slurm-4457323.out,False,runtime_invalid
xXxd20wjdyK5tZhA0ItjK5g4BA0,12,12,1,-inf,-inf,inf,22,True,completed,4464488,slurm-4457323.out,False,runtime_invalid
xXxd53c8E3VTkhG4X4NmrlegxNv,1,1,1,-inf,-inf,inf,37,True,completed,4448197,slurm-4442153.out,False,runtime_invalid
xXxdOVzBODC1O3cKqdBrd26H5g5,2,2,1,-inf,-inf,inf,46,True,completed,4448791,slurm-4442153.out,False,runtime_invalid
xXxdTh5sAwVHQbojymJNU2cQfI8,2,2,1,-inf,-inf,inf,46,True,completed,4448786,slurm-4442153.out,False,runtime_invalid
xXxdWrJgEcR3yhHIgkzwkVMoAQV,2,2,1,-inf,-inf,inf,46,True,completed,4448795,slurm-4442153.out,False,runtime_invalid
xXxdsMzsHhfjr1dSBQaISr8WyuQ,8,8,1,-inf,-inf,inf,180,True,completed,4458004,slurm-4457323.out,False,runtime_invalid
xXxdvhes3JbwFiemuNBDMG8QVHZ,13,13,1,-inf,-inf,inf,25,True,completed,4464810,slurm-4457323.out,False,runtime_invalid
xXxeDpF6WVWikimmy3o6jhleFt7,6,6,1,-inf,-inf,inf,44,True,completed,4452688,slurm-4442153.out,False,runtime_invalid
xXxeOzrN73EQhT5n443rwtiT8XT,12,12,1,-inf,-inf,inf,22,True,completed,4464491,slurm-4457323.out,False,runtime_invalid
xXxeev4B5aS0GoUeBSfA8Ebo3ub,13,13,1,-inf,-inf,inf,21,True,completed,4464884,slurm-4457323.out,False,runtime_invalid
xXxetL0eFSTmK1yszqxkdiOfkHJ,11,11,1,-inf,-inf,inf,27,True,completed,4463925,slurm-4457323.out,False,runtime_invalid
xXxf3Kf2YUTQmJl2Fm5PJQSkF6l,10,10,1,-inf,-inf,inf,22,True,completed,4463285,slurm-4457323.out,False,runtime_invalid
xXxfDFsYxfElAh5Vft4KlA7vhD1,4,4,1,-inf,-inf,inf,21,True,completed,4450847,slurm-4442153.out,False,runtime_invalid
xXxfGmFygs9OrF4mbFBEpYvDQuj,9,9,1,-inf,-inf,inf,65,True,completed,4461901,slurm-4457323.out,False,runtime_invalid
xXxfXaEs9uGr1yTZZp6zj5PX7A6,1,1,1,-inf,-inf,inf,37,True,completed,4448204,slurm-4442153.out,False,runtime_invalid
xXxfi0KHAYw3p1Go9ra5492nYDW,7,7,1,-inf,-inf,inf,180,True,completed,4454171,slurm-4457323.out,False,runtime_invalid
xXxfmrHR2ZlR0sBDjihMX7ZND2O,10,10,1,-inf,-inf,inf,22,True,completed,4463292,slurm-4457323.out,False,runtime_invalid
xXxfoboG03j6rfYHFacYxsBIXKS,5,5,1,-999999.0,0.0,inf,29,True,completed,4451720,slurm-4442153.out,False,runtime_invalid
xXxfwX28ILBLCEV8hCdbQWKORsI,9,9,1,-inf,-inf,inf,65,True,completed,4461890,slurm-4457323.out,False,runtime_invalid
xXxg4RXCLDsVjbPTsepaRFWiptI,12,12,1,-inf,-inf,inf,22,True,completed,4464480,slurm-4457323.out,False,runtime_invalid
xXxgD8dst3rzUjCxmFpz5OxMnAY,3,3,1,-inf,-inf,inf,45,True,completed,4449845,slurm-4442153.out,False,runtime_invalid
xXxgz8yD4jSDC61viDL2ve8LRlx,10,10,1,-inf,-inf,inf,26,True,completed,4463240,slurm-4457323.out,False,runtime_invalid
xXxhI8UQwEVVUW1bJRRmwHNTwYb,6,6,1,-inf,-inf,inf,44,True,completed,4452690,slurm-4442153.out,False,runtime_invalid
xXxhImOvibgXipkdlNyIKsxNeYe,8,8,1,-inf,-inf,inf,131,True,completed,4458859,slurm-4457323.out,False,runtime_invalid
xXxhKgZGexBURV23mymu0EBWjSE,0,0,1,-inf,-inf,inf,129,True,completed,4446829,slurm-4442153.out,False,runtime_invalid
xXxhMvxelNnfki8d7IsXbZBjv3M,13,13,1,-inf,-inf,inf,21,True,completed,4464889,slurm-4457323.out,False,runtime_invalid
xXxhW4xVMuEsf7TTxSqnmSObU8z,13,13,1,-inf,-inf,inf,21,True,completed,4464888,slurm-4457323.out,False,runtime_invalid
xXxhuhszCW54aJWlVZo3AO2XVra,13,13,1,-inf,-inf,inf,21,True,completed,4464881,slurm-4457323.out,False,runtime_invalid
xXxiWvl0z0MDJkA43nCU2AFzylc,12,12,1,-inf,-inf,inf,22,True,completed,4464472,slurm-4457323.out,False,runtime_invalid
xXxijkfqzf7T9k3N1xk7efgmIyg,5,5,1,-inf,-inf,inf,29,True,completed,4451698,slurm-4442153.out,False,runtime_invalid
xXxjD1Zg6vuwWz5FnM2d7usgGMB,1,1,1,-inf,-inf,inf,37,True,completed,4448195,slurm-4442153.out,False,runtime_invalid
xXxjXCI1dQrjpIDKW7HsZuc1Gfe,11,11,1,-inf,-inf,inf,27,True,completed,4463923,slurm-4457323.out,False,runtime_invalid
xXxjeegTafxdccYoNoOFpupIOJa,5,5,1,-inf,-inf,inf,29,True,completed,4451713,slurm-4442153.out,False,runtime_invalid
xXxjotR3JcAxApCA01W9hb26FVb,13,13,1,-inf,-inf,inf,21,True,completed,4464875,slurm-4457323.out,False,runtime_invalid
xXxkLG5H6gg7rlE4jkdVObbIs07,3,3,1,-inf,-inf,inf,45,True,completed,4449850,slurm-4442153.out,False,runtime_invalid
xXxkVZHC82WS26JZN9bc8wBaoTW,3,3,1,-inf,-inf,inf,45,True,completed,4449853,slurm-4442153.out,False,runtime_invalid
xXxkebBC7jzcsHDeZDTeByQm26s,2,4,3,-999999.0,0.0,inf,46,True,completed,4448800,slurm-4442153.out,False,runtime_invalid
xXxksksV4QDWU0wa1o6LSqX0dBa,6,6,1,-inf,-inf,inf,44,True,completed,4452703,slurm-4442153.out,False,runtime_invalid
xXxlCUhlOqOzB7WnrllUIrm3lcN,4,4,1,-inf,-inf,inf,30,True,completed,4450679,slurm-4442153.out,False,runtime_invalid
xXxlw0XHzyEixGfjzF4nsOWVkxB,11,11,1,-inf,-inf,inf,27,True,completed,4463937,slurm-4457323.out,False,runtime_invalid
xXxm2cnePjgpXJC5L1ocWifnniB,1,1,1,-inf,-inf,inf,47,True,completed,4448185,slurm-4442153.out,False,runtime_invalid
xXxmGq58zXZasNlrxOaL0pgnIbx,4,4,1,-inf,-inf,inf,21,True,completed,4450865,slurm-4442153.out,False,runtime_invalid
xXxmOehTJejn4VUUf8jtRncuPuB,4,4,1,-inf,-inf,inf,21,True,completed,4450858,slurm-4442153.out,False,runtime_invalid
xXxmTAOx5uiKYxXlPRdKsKTzAqf,10,10,1,-inf,-inf,inf,22,True,completed,4463304,slurm-4457323.out,False,runtime_invalid
xXxn40flrWgUx5bRhuJPrKHzjD2,4,4,1,-inf,-inf,inf,21,True,completed,4450851,slurm-4442153.out,False,runtime_invalid
xXxnZh0DbkIunUljRVS5dTCPdkF,6,6,1,-inf,-inf,inf,47,True,completed,4452462,slurm-4442153.out,False,runtime_invalid
xXxneAa6Vvd4niA1NCp6t0fHLDJ,7,7,1,-inf,-inf,inf,194,True,completed,4453962,slurm-4457323.out,False,runtime_invalid
xXxneBXzlnSN3Gj9dVXusdLCgeQ,3,3,1,-inf,-inf,inf,50,True,completed,4449601,slurm-4442153.out,False,runtime_invalid
xXxnsyGwqNmElPnXn2tcthf0YPZ,5,5,1,-inf,-inf,inf,29,True,completed,4451700,slurm-4442153.out,False,runtime_invalid
xXxocGpgKlpuKfxwFVzpMUp3rQN,11,11,1,-inf,-inf,inf,27,True,completed,4463926,slurm-4457323.out,False,runtime_invalid
xXxoo8nHY2ugdBJZoxmdzAnVK07,6,6,1,-inf,-inf,inf,44,True,completed,4452692,slurm-4442153.out,False,runtime_invalid
xXxpODMVXEy4PeqnwA41ctyTBFO,12,12,1,-inf,-inf,inf,22,True,completed,4464484,slurm-4457323.out,False,runtime_invalid
xXxpXRGPcBrGb1wQBOlC0gL0Ipy,6,6,1,-inf,-inf,inf,44,True,completed,4452704,slurm-4442153.out,False,runtime_invalid
xXxpgOkHyri2acmK6bVfXnK82dw,0,0,1,-inf,-inf,inf,129,True,completed,4446815,slurm-4442153.out,False,runtime_invalid
xXxpmmKthSRn5g9ZX5xDOaOo6he,3,3,1,-inf,-inf,inf,45,True,completed,4449865,slurm-4442153.out,False,runtime_invalid
xXxqFNWOBYzX9uHg4kN9NXw3xD5,13,13,1,-inf,-inf,inf,21,True,completed,4464878,slurm-4457323.out,False,runtime_invalid
xXxqHXu3gBj5mdCOwi7DYwsu14C,10,10,1,-inf,-inf,inf,22,True,completed,4463293,slurm-4457323.out,False,runtime_invalid
xXxqbtANkqYpHNkx2xBMx5EkbTv,7,7,1,-inf,-inf,inf,180,True,completed,4454177,slurm-4457323.out,False,runtime_invalid
xXxqhDgoKyu3EQRbYM1YgKJfdVy,13,13,1,-inf,-inf,inf,21,True,completed,4464874,slurm-4457323.out,False,runtime_invalid
xXxqpByCDzrNDU3f8DX4tLeNib4,3,3,1,-inf,-inf,inf,45,True,completed,4449846,slurm-4442153.out,False,runtime_invalid
xXxr5d6j52jeQcIwYQx9LswgDCh,10,10,1,-inf,-inf,inf,22,True,completed,4463295,slurm-4457323.out,False,runtime_invalid
xXxrcZAPBdKUK7rNwB06YvCEVpY,0,0,1,-inf,-inf,inf,129,True,completed,4446808,slurm-4442153.out,False,runtime_invalid
xXxrfSbC3Bg1UuWV3OpABZDCV5N,3,3,1,-inf,-inf,inf,50,True,completed,4449607,slurm-4442153.out,False,runtime_invalid
xXxriDerG74A55TlsI5T6WQmWyd,4,4,1,-inf,-inf,inf,21,True,completed,4450846,slurm-4442153.out,False,runtime_invalid
xXxsDtxfwHGzeChTDx1BimtFmUP,10,10,1,-inf,-inf,inf,22,True,completed,4463286,slurm-4457323.out,False,runtime_invalid
xXxsaZFAIqKbSia4rlIv6hvzCFy,7,7,1,-inf,-inf,inf,194,True,completed,4453956,slurm-4457323.out,False,runtime_invalid
xXxsd8kSBr0ZRXqK0Sad3gubf8d,6,6,1,-inf,-inf,inf,44,True,completed,4452696,slurm-4442153.out,False,runtime_invalid
xXxsf9oZgH8Qsf9XL2rZcmrMVQK,7,7,1,-inf,-inf,inf,194,True,completed,4453950,slurm-4457323.out,False,runtime_invalid
xXxsqL7Yhqc5TEy0pnJ8qEZrlj4,5,5,1,-inf,-inf,inf,29,True,completed,4451721,slurm-4442153.out,False,runtime_invalid
xXxszuEKbeI9EC8czoEBRNw8X5D,2,2,1,-inf,-inf,inf,46,True,completed,4448803,slurm-4442153.out,False,runtime_invalid
xXxtvREFbA3Ix4BBIyDjxY3teQN,5,5,1,-999999.0,0.0,inf,29,True,completed,4451717,slurm-4442153.out,False,runtime_invalid
xXxu1FdmE3yepwCet3lqIKU7ksx,9,9,1,-inf,-inf,inf,90,True,completed,4461273,slurm-4457323.out,False,runtime_invalid
xXxu1l3UFhXIFGe069xovWnfhbD,0,0,1,-inf,-inf,inf,129,True,completed,4446836,slurm-4442153.out,False,runtime_invalid
xXxu3PTbLQfWiUwWiMweaEpLBf0,10,10,1,-inf,-inf,inf,22,True,completed,4463301,slurm-4457323.out,False,runtime_invalid
xXxuZdSZLFOhNoaBUQzHhOVCyeH,13,13,1,-inf,-inf,inf,25,True,completed,4464804,slurm-4457323.out,False,runtime_invalid
xXxuiDlOZr4speLuTrTmtUPmczM,0,4,5,-999999.0,0.0,inf,129,True,completed,4446835,slurm-4442153.out,False,runtime_invalid
xXxumDpYgW4cC73ze0fCylgtLID,0,0,1,-inf,-inf,inf,129,True,completed,4446830,slurm-4442153.out,False,runtime_invalid
xXxutC1Z3tuseY4z6MtEN7UXfgp,10,10,1,-inf,-inf,inf,26,True,completed,4463237,slurm-4457323.out,False,runtime_invalid
xXxv05oOXmZX53VuuccGPEMohZ6,11,11,1,-inf,-inf,inf,27,True,completed,4463936,slurm-4457323.out,False,runtime_invalid
xXxvENFXvpJiwHiHglPAlqCNukn,9,9,1,-inf,-inf,inf,65,True,completed,4461902,slurm-4457323.out,False,runtime_invalid
xXxvGqbZUpLGmL5G07BgZHnh0EO,6,6,1,-inf,-inf,inf,44,True,completed,4452699,slurm-4442153.out,False,runtime_invalid
xXxvJcpLlG6yPvCMnWXccChhazU,9,9,1,-inf,-inf,inf,65,True,completed,4461893,slurm-4457323.out,False,runtime_invalid
xXxvjPhN6OGCEmagAkJQ0gA63K1,11,11,1,-inf,-inf,inf,27,True,completed,4463922,slurm-4457323.out,False,runtime_invalid
xXxvvpCT6M6yXzSkaCU78JsWSrc,5,6,2,-999999.0,0.0,inf,29,True,completed,4451702,slurm-4442153.out,False,runtime_invalid
xXxwydiO6kRtJRXXF2HhP76EpKz,7,7,1,-inf,-inf,inf,180,True,completed,4454181,slurm-4457323.out,False,runtime_invalid
xXxxLjxe7AqQf0R0SIa7G9ICuHX,6,6,1,-inf,-inf,inf,44,True,completed,4452695,slurm-4442153.out,False,runtime_invalid
xXxxXuYgyohxUfiFMc4RIL4XHCW,6,6,1,-inf,-inf,inf,44,True,completed,4452707,slurm-4442153.out,False,runtime_invalid
xXxxYpT785kNlk86eEswxvoXl86,4,5,2,-999999.0,0.0,inf,21,True,completed,4450859,slurm-4442153.out,False,runtime_invalid
xXxxtEQeZXE5jdX2WjIgi7FRUiz,10,10,1,-inf,-inf,inf,22,True,completed,4463296,slurm-4457323.out,False,runtime_invalid
xXxyOcF6cOjKTadfpk6QbKdxI2K,13,13,1,-inf,-inf,inf,21,True,completed,4464880,slurm-4457323.out,False,runtime_invalid
xXxz66QXmL3EGtv4wAmnJdHG2QH,13,13,1,-inf,-inf,inf,25,True,completed,4464805,slurm-4457323.out,False,runtime_invalid
xXxzcr00VMT5wxLF3byo5WsMbPb,4,4,1,-inf,-inf,inf,21,True,completed,4450854,slurm-4442153.out,False,runtime_invalid
xXxzqX5fAOTtJOSxurFvuLvAyBN,4,4,1,-inf,-inf,inf,21,True,completed,4450861,slurm-4442153.out,False,runtime_invalid
